,,,Premature death,,,,,,,Poor or fair health,,,,Poor physical health days,,,,Poor mental health days,,,,Low birthweight,,,,,,,,Adult smoking,,,,Adult obesity,,,,Food environment index,,Physical inactivity,,,,Access to exercise opportunities,,Excessive drinking,,,,Alcohol-impaired driving deaths,,,,,,Sexually transmitted infections,,,Teen births,,,,,,,Uninsured,,,,,Primary care physicians,,,,Dentists,,,,Mental health providers,,,,Preventable hospital stays,,,,,Mammography screening,,,,,Flu vaccinations,,,,,High school graduation,,,Some college,,,,,,Unemployment,,,,Children in poverty,,,,,,,Income inequality,,,,Children in single-parent households,,,,,,Social associations,,,Violent crime,,,Injury deaths,,,,,Air pollution - particulate matter,,Drinking water violations,,Severe housing problems,,,,,,,Driving alone to work,,,,,,,Long commute - driving alone,,,,,Insufficient sleep,,,Uninsured adults,,,,Uninsured children,,,,Diabetes prevalence,,,Food insecurity,
FIPS,State,County,Years of Potential Life Lost Rate,95% CI - Low,95% CI - High,Z-Score,YPLL Rate (Black),YPLL Rate (Hispanic),YPLL Rate (White),% Fair/Poor,95% CI - Low,95% CI - High,Z-Score,Physically Unhealthy Days,95% CI - Low,95% CI - High,Z-Score,Mentally Unhealthy Days,95% CI - Low,95% CI - High,Z-Score,Unreliable,% LBW,95% CI - Low,95% CI - High,Z-Score,% LBW (Black),% LBW (Hispanic),% LBW (White),% Smokers,95% CI - Low,95% CI - High,Z-Score,% Obese,95% CI - Low,95% CI - High,Z-Score,Food Environment Index,Z-Score,% Physically Inactive,95% CI - Low,95% CI - High,Z-Score,% With Access,Z-Score,% Excessive Drinking,95% CI - Low,95% CI - High,Z-Score,# Alcohol-Impaired Driving Deaths,# Driving Deaths,% Alcohol-Impaired,95% CI - Low,95% CI - High,Z-Score,# Chlamydia Cases,Chlamydia Rate,Z-Score,Teen Birth Rate,95% CI - Low,95% CI - High,Z-Score,Teen Birth Rate (Black),Teen Birth Rate (Hispanic),Teen Birth Rate (White),# Uninsured,% Uninsured,95% CI - Low,95% CI - High,Z-Score,# Primary Care Physicians,PCP Rate,PCP Ratio,Z-Score,# Dentists,Dentist Rate,Dentist Ratio,Z-Score,# Mental Health Providers,MHP Rate,MHP Ratio,Z-Score,Preventable Hosp. Rate,Z-Score,Preventable Hosp. Rate (Black),Preventable Hosp. Rate (Hispanic),Preventable Hosp. Rate (White),% Screened,Z-Score,% Screened (Black),% Screened (Hispanic),% Screened (White),% Vaccinated,Z-Score,% Vaccinated (Black),% Vaccinated (Hispanic),% Vaccinated (White),Cohort Size,Graduation Rate,Z-Score,# Some College,Population,% Some College,95% CI - Low,95% CI - High,Z-Score,# Unemployed,Labor Force,% Unemployed,Z-Score,% Children in Poverty,95% CI - Low,95% CI - High,Z-Score,% Children in Poverty (Black),% Children in Poverty (Hispanic),% Children in Poverty (White),80th Percentile Income,20th Percentile Income,Income Ratio,Z-Score,# Single-Parent Households,# Households,% Single-Parent Households,95% CI - Low,95% CI - High,Z-Score,# Associations,Association Rate,Z-Score,Annual Average Violent Crimes,Violent Crime Rate,Z-Score,# Injury Deaths,Injury Death Rate,95% CI - Low,95% CI - High,Z-Score,Average Daily PM2.5,Z-Score,Presence of violation,Z-Score,% Severe Housing Problems,95% CI - Low,95% CI - High,Severe Housing Cost Burden,Overcrowding,Inadequate Facilities,Z-Score,% Drive Alone,95% CI - Low,95% CI - High,Z-Score,% Drive Alone (Black),% Drive Alone (Hispanic),% Drive Alone (White),# Workers who Drive Alone,% Long Commute - Drives Alone,95% CI - Low,95% CI - High,Z-Score,% Insufficient Sleep,95% CI - Low,95% CI - High,# Uninsured,% Uninsured,95% CI - Low,95% CI - High,# Uninsured,% Uninsured,95% CI - Low,95% CI - High,% Diabetic,95% CI - Low,95% CI - High,# Food Insecure,% Food Insecure
01000,Alabama,,9917,9815,10019,,,,,21,20,23,,4.4,4.1,4.7,,4.6,4.3,4.9,,,10,10,10,,,,,22,20,23,,35,,,,5.8,,28,,,,62,,14,13,15,,1302,4554,29,28,29,,26359,543.6,,33,33,34,,,,,427972,11,10,11,,3180,65,1529:1,,2321,48,2100:1,,4412,91,1105:1,,5496,,,,,42,,,,,42,,,,,54917,89,,736170,1229722,60,59,60,,95342,2168448,4.4,,24,23,25,,,,,95866,18300,5.2,,416762,1093731,38,37,39,,5954,12.2,,23307,480,,19402,80,79,81,,11.0,,,,15,15,15,,,,,86,86,86,,,,,1743217,34,33,34,,38,36,39,401044,14,13,14,30253,3,2,3,14,,,800620,17
01001,Alabama,Autauga,8824,7935,9713,-1.04,10471,,8707,18,18,19,-1.11,4.2,4.0,4.4,-1.15,4.3,4.1,4.5,-1.33,,8,8,9,-0.98,13,,7,19,18,20,-0.87,38,32,43,0.02,7.2,-0.29,31,26,36,0.19,69,-1.12,17,16,18,1.34,17,59,29,22,36,-0.20,189,341.2,-0.75,27,24,29,-1.30,30,27,26,4002,9,7,10,-1.90,23,42,2409:1,0.20,18,32,3084:1,-0.10,9,16,6167:1,0.63,6599,0.51,11175,,5909,44,-0.72,45,27,44,41,-0.35,32,36,42,660,90,-0.19,8701,14298,61,55,67,-0.99,1001,25909,3.9,-0.85,19,15,23,-1.06,39,16,15,105294,22709,4.6,-0.70,3315,13421,25,19,30,-1.19,70,12.6,-0.18,149,272,-0.63,205,74,64,84,-0.76,11.7,0.98,No,-0.28,15,12,18,13,2,1,0.11,86,83,89,0.16,83,,84,20911,38,34,42,0.11,36,35,37,3686,11,9,13,351,2,2,3,14,11,18,7360,13
01003,Alabama,Baldwin,7225,6794,7655,-1.84,10042,3087,7278,18,18,19,-1.20,4.1,3.9,4.3,-1.37,4.2,4.1,4.4,-1.52,,8,8,9,-1.04,15,5,8,17,16,17,-2.20,31,28,34,-1.68,8.0,-0.86,24,21,26,-2.11,72,-1.29,17,16,17,1.25,51,160,32,28,36,0.08,678,338.8,-0.76,30,28,31,-0.95,35,49,28,17733,11,10,12,-0.50,152,73,1372:1,-1.14,106,50,2006:1,-1.15,194,91,1096:1,-0.55,3833,-1.33,5589,655,3801,45,-0.92,42,41,45,45,-1.04,33,35,46,2207,86,0.49,31821,48116,66,63,70,-1.56,3652,91567,4.0,-0.76,15,10,19,-1.56,34,10,14,105906,23438,4.5,-0.84,11252,44679,25,22,29,-1.16,223,10.7,0.42,408,204,-1.00,708,69,64,75,-1.04,10.3,-1.28,Yes,3.49,14,13,15,13,1,1,-0.21,85,83,87,-0.26,85,68,84,74415,41,38,43,0.36,33,32,34,16389,14,12,15,1530,3,2,4,11,10,13,24500,12
01005,Alabama,Barbour,9586,8200,10972,-0.65,11333,,7310,26,25,26,0.69,5.1,4.9,5.2,0.78,4.6,4.5,4.8,-0.24,,11,10,12,0.18,14,,8,22,21,22,0.51,44,38,50,1.81,5.6,0.85,28,24,33,-0.72,54,-0.38,13,12,13,-0.95,8,27,30,19,40,-0.13,150,557.9,0.11,45,39,51,0.81,45,59,44,2252,13,11,14,0.67,10,39,2597:1,0.33,9,36,2808:1,-0.29,2,8,12635:1,0.77,4736,-0.73,5431,,4299,46,-1.12,41,,48,37,0.34,33,,38,312,81,1.43,2558,6956,37,32,42,1.61,486,8236,5.9,0.62,50,42,58,2.29,63,59,17,74459,12938,5.8,0.62,3140,5488,57,51,64,1.15,22,8.5,1.10,106,414,0.12,96,73,59,89,-0.83,11.5,0.66,No,-0.28,15,13,18,14,2,1,0.26,83,81,86,-0.72,80,,86,7242,34,29,39,-0.41,39,38,40,2105,17,14,19,161,3,2,4,18,15,21,6160,23
01007,Alabama,Bibb,11784,10160,13407,0.45,14813,,11328,20,19,21,-0.73,4.4,4.2,4.6,-0.78,4.3,4.1,4.5,-1.30,,11,10,13,0.25,18,,9,20,19,21,-0.42,38,31,44,0.10,7.6,-0.58,35,29,42,1.40,16,1.48,16,15,17,0.82,9,33,27,18,37,-0.34,68,302.1,-0.91,45,39,52,0.85,29,,50,1646,10,8,11,-1.15,13,57,1742:1,-0.48,6,26,3778:1,0.26,2,9,11334:1,0.75,5998,0.11,7174,,5650,44,-0.72,40,,44,39,-0.01,28,,41,271,84,0.98,3007,6212,48,41,56,0.36,373,8506,4.4,-0.47,27,19,35,-0.20,43,9,23,88436,20786,4.3,-1.15,1381,4671,30,20,39,-0.84,23,10.2,0.58,20,89,-1.60,113,100,82,119,0.80,11.2,0.18,No,-0.28,11,7,15,11,0,0,-1.04,86,82,91,0.30,,,,6930,49,40,57,1.28,38,37,39,1532,12,10,14,125,3,2,4,15,12,19,3580,16
01009,Alabama,Blount,10908,9896,11921,0.01,,5620,11336,21,20,22,-0.46,4.5,4.3,4.7,-0.45,4.7,4.5,4.9,-0.02,,8,7,9,-1.24,,7,8,20,19,20,-0.57,34,29,40,-0.79,8.5,-1.22,29,24,34,-0.63,23,1.15,15,15,16,0.52,14,64,22,16,29,-0.83,66,114.3,-1.65,36,32,39,-0.27,44,33,36,5704,12,11,14,0.41,13,23,4439:1,1.02,12,21,4834:1,0.60,6,10,9669:1,0.73,4162,-1.11,,,,36,0.92,30,16,37,38,0.16,19,24,39,689,93,-0.85,7526,13831,54,49,60,-0.29,985,24494,4.0,-0.73,19,13,24,-1.15,2,57,20,86549,20972,4.1,-1.30,3986,13480,30,24,35,-0.84,52,9.0,0.94,279,483,0.48,304,105,93,117,1.11,11.7,0.98,No,-0.28,10,9,12,8,2,1,-1.20,87,85,89,0.45,,82,83,18426,60,55,64,2.54,36,35,37,5275,16,14,18,476,3,2,5,14,12,18,6340,11
01011,Alabama,Bullock,12067,9520,14614,0.59,14337,,6639,29,29,30,1.58,5.2,5.0,5.4,1.14,4.8,4.6,5.0,0.29,,14,11,16,1.48,16,6,,23,23,24,1.62,39,30,48,0.52,4.2,1.85,29,23,36,-0.41,27,0.96,13,12,13,-0.84,17,28,61,53,67,2.69,79,733.9,0.81,55,44,65,1.89,56,,39,937,13,11,15,1.11,3,29,3454:1,0.74,2,19,5155:1,0.68,1,10,10309:1,0.74,6767,0.62,7006,,5922,44,-0.72,42,,49,26,2.23,23,,32,121,70,3.00,936,2784,34,23,44,1.95,237,4812,4.9,-0.08,48,36,61,2.07,,,,66477,10073,6.6,1.61,1645,2160,76,66,86,2.52,10,9.7,0.74,33,311,-0.43,58,110,84,142,1.39,11.2,0.18,No,-0.28,21,15,27,17,2,2,1.78,73,65,82,-3.00,72,,70,3135,47,33,62,1.13,45,44,46,882,18,15,20,62,3,2,4,20,15,26,2740,26
01013,Alabama,Butler,14019,11976,16061,1.57,15794,,12798,27,26,27,0.86,5.1,4.9,5.3,0.89,5.1,4.9,5.3,1.43,,12,11,14,0.87,15,,10,22,21,23,0.89,40,34,47,0.73,6.5,0.21,35,29,41,1.33,49,-0.13,13,13,14,-0.76,15,48,31,24,39,0.02,168,827.7,1.19,42,36,48,0.47,41,,46,1703,11,9,12,-0.52,6,30,3333:1,0.70,6,30,3304:1,0.03,7,35,2832:1,0.33,7962,1.41,8603,,7843,42,-0.31,42,,42,35,0.68,27,,38,239,82,1.39,1873,4872,38,32,45,1.43,491,8946,5.5,0.32,33,23,43,0.42,48,,18,75474,14733,5.1,-0.13,2388,4543,53,43,62,0.82,23,11.5,0.17,117,582,1.01,96,95,77,117,0.53,10.6,-0.79,No,-0.28,14,11,17,11,2,2,-0.23,84,80,87,-0.66,85,,87,6370,32,27,37,-0.64,42,41,43,1596,14,12,16,120,2,2,3,18,14,22,4410,22
01015,Alabama,Calhoun,12218,11485,12951,0.66,12955,,12447,20,19,20,-0.83,4.3,4.1,4.4,-0.95,4.5,4.3,4.6,-0.77,,9,8,10,-0.73,14,6,8,20,20,21,-0.10,37,34,41,-0.08,6.9,-0.08,30,27,34,-0.09,45,0.07,15,15,16,0.55,15,84,18,13,24,-1.20,681,587.5,0.23,37,35,39,-0.10,41,37,36,10386,11,10,13,-0.18,74,65,1549:1,-0.78,74,65,1550:1,-2.03,113,98,1015:1,-0.66,6450,0.41,7384,2299,6318,33,1.53,33,40,33,38,0.16,26,25,40,1402,92,-0.64,16636,28921,58,54,61,-0.63,2249,45582,4.9,-0.08,24,18,30,-0.53,52,29,17,86828,17422,5.0,-0.29,9894,25177,39,35,43,-0.14,164,14.3,-0.70,871,756,1.93,474,82,75,89,-0.28,11.8,1.14,No,-0.28,15,13,16,13,1,1,-0.01,85,84,86,-0.16,86,85,87,39356,31,28,33,-0.77,41,40,42,9869,14,13,16,593,2,2,3,16,14,19,19370,17
01017,Alabama,Chambers,11273,9949,12598,0.19,10775,,11795,25,25,26,0.55,5.0,4.9,5.2,0.71,4.9,4.8,5.1,0.76,,12,11,14,0.88,18,,9,22,21,23,0.80,40,35,47,0.76,6.3,0.35,32,27,38,0.61,62,-0.79,14,13,14,-0.50,13,38,34,26,43,0.29,270,792.3,1.05,50,44,55,1.32,51,,48,2876,11,9,12,-0.52,17,50,1991:1,-0.17,7,21,4816:1,0.60,2,6,16857:1,0.80,5511,-0.22,7357,,4883,38,0.51,40,,38,43,-0.70,31,,48,327,86,0.52,3692,7832,47,41,53,0.49,619,15176,4.1,-0.69,30,20,39,0.05,38,75,16,77368,16325,4.7,-0.58,3461,7150,48,41,56,0.52,60,17.7,-1.76,181,529,0.73,138,81,68,95,-0.33,11.4,0.50,No,-0.28,16,14,19,13,3,1,0.43,87,85,89,0.56,89,,87,12405,31,27,35,-0.74,37,36,38,2712,14,11,16,182,2,2,3,17,14,21,6620,20
01019,Alabama,Cherokee,11294,9767,12822,0.20,16395,,10966,19,19,20,-0.90,4.3,4.0,4.5,-0.97,4.7,4.4,4.9,-0.08,,8,7,10,-1.09,,,,19,18,20,-0.86,36,31,42,-0.29,8.5,-1.22,32,26,39,0.42,33,0.63,15,14,16,0.44,10,56,18,11,25,-1.20,44,169.0,-1.44,41,36,47,0.36,,,,2366,12,10,14,0.27,9,35,2858:1,0.48,4,15,6464:1,0.92,5,19,5171:1,0.59,6577,0.49,1078,,6457,33,1.53,33,,34,43,-0.70,32,,43,314,95,-1.12,2755,5503,50,43,57,0.18,453,11174,4.1,-0.71,25,17,33,-0.44,22,13,20,80875,16898,4.8,-0.53,1356,5132,26,19,33,-1.07,26,10.1,0.60,86,330,-0.32,137,106,88,123,1.13,11.4,0.50,No,-0.28,15,12,19,13,2,1,0.26,85,81,89,-0.18,,,,8269,43,38,49,0.69,35,34,37,2224,15,13,17,158,3,2,4,14,10,17,3240,13
01021,Alabama,Chilton,10832,9734,11930,-0.03,12000,,11110,21,21,22,-0.37,4.7,4.5,4.9,0.04,4.6,4.4,4.8,-0.27,,9,8,10,-0.91,17,6,8,20,19,20,-0.55,35,29,42,-0.55,8.1,-0.93,31,26,38,0.23,47,-0.06,15,14,16,0.35,15,80,19,13,25,-1.12,135,307.3,-0.88,49,45,54,1.29,35,61,51,5181,14,12,16,1.75,8,18,5493:1,1.20,12,27,3672:1,0.21,18,41,2448:1,0.25,3791,-1.36,3505,,3583,42,-0.31,44,,42,40,-0.18,31,46,40,602,88,0.15,4432,11423,39,34,43,1.39,774,19118,4.0,-0.72,23,16,30,-0.70,43,47,24,85794,17264,5.0,-0.31,3654,10378,35,27,43,-0.43,72,16.4,-1.35,223,508,0.62,198,90,78,103,0.20,11.2,0.18,No,-0.28,13,10,16,10,3,1,-0.43,83,80,86,-0.80,83,,84,14461,49,44,54,1.35,35,34,36,4795,18,16,21,420,4,3,5,15,12,18,5960,14
01023,Alabama,Choctaw,12047,9740,14354,0.58,12215,,12164,24,23,25,0.28,4.7,4.6,4.9,0.05,4.8,4.6,4.9,0.17,,11,9,13,0.21,14,,8,19,18,20,-0.90,41,36,47,1.02,6.4,0.28,33,28,38,0.67,28,0.92,13,13,14,-0.77,14,24,58,50,66,2.48,50,375.3,-0.61,30,24,37,-0.87,34,,27,1136,11,10,13,-0.12,5,38,2599:1,0.33,6,46,2158:1,-0.94,,,,0.00,4778,-0.70,6413,,3944,45,-0.92,43,,46,36,0.51,25,,42,117,79,1.95,1536,2780,55,,,-0.38,277,4336,6.4,0.97,35,25,44,0.61,55,,14,74268,12869,5.8,0.63,1147,2689,43,34,51,0.10,27,20.8,-2.71,17,128,-1.39,68,103,80,131,0.99,10.1,-1.60,No,-0.28,13,10,17,11,1,1,-0.35,82,78,86,-1.27,91,,83,3460,46,39,53,0.97,38,37,39,1057,14,12,16,88,3,2,4,16,14,19,2720,21
01025,Alabama,Clarke,9688,8208,11169,-0.60,12447,,7395,28,27,28,1.16,5.0,4.9,5.2,0.71,4.8,4.6,5.0,0.33,,13,11,14,1.12,18,,8,21,20,22,0.17,40,34,45,0.57,5.4,0.99,32,27,37,0.57,24,1.10,13,13,14,-0.59,10,32,31,22,41,0.02,158,633.4,0.41,41,36,46,0.32,44,,37,2219,11,10,13,-0.06,14,57,1742:1,-0.48,7,29,3440:1,0.10,16,66,1505:1,-0.16,5857,0.01,7181,,5384,40,0.10,46,,37,29,1.71,24,,31,385,91,-0.36,2148,5555,39,,,1.41,655,7720,8.5,2.48,32,23,41,0.30,45,,15,85203,10435,8.2,3.45,1862,5376,35,26,43,-0.47,45,18.4,-1.99,116,475,0.44,98,79,65,97,-0.43,10.4,-1.11,No,-0.28,13,10,15,12,1,1,-0.54,84,80,87,-0.63,86,,87,6530,34,29,39,-0.35,41,40,42,2082,15,12,17,152,3,2,4,19,15,22,5990,24
01027,Alabama,Clay,9666,7822,11510,-0.61,12628,,9302,21,20,21,-0.58,4.5,4.3,4.7,-0.54,4.6,4.4,4.8,-0.40,,10,8,11,-0.47,19,,8,19,18,20,-0.86,38,31,45,0.08,7.9,-0.79,31,24,38,0.04,64,-0.89,15,14,15,0.21,3,10,30,13,48,-0.10,39,287.8,-0.96,42,34,49,0.44,30,,43,1416,13,11,15,1.26,5,37,2698:1,0.39,2,15,6684:1,0.95,2,15,6684:1,0.65,5644,-0.13,8629,,5454,40,0.10,32,,41,41,-0.35,24,45,43,157,90,-0.16,1224,2998,41,32,50,1.18,250,5721,4.4,-0.48,26,18,33,-0.39,34,92,16,77406,15780,4.9,-0.39,1064,2833,38,26,49,-0.26,16,11.9,0.06,42,309,-0.44,54,80,60,105,-0.40,10.6,-0.79,Yes,3.00,14,10,18,11,1,3,-0.08,88,82,93,0.70,90,,82,4728,39,32,47,0.23,39,37,40,1317,17,14,19,110,4,3,5,15,11,18,1950,15
01029,Alabama,Cleburne,11986,9956,14016,0.55,,,,18,17,19,-1.14,4.4,4.1,4.6,-0.81,4.6,4.4,4.9,-0.28,,9,7,10,-0.79,,,,20,19,21,-0.53,35,28,42,-0.76,8.0,-0.86,29,22,36,-0.56,41,0.23,16,15,17,0.84,8,25,32,21,43,0.09,38,252.0,-1.11,41,34,49,0.38,,,,1427,12,10,14,0.27,4,27,3731:1,0.83,,,,0.00,6,40,2483:1,0.26,5505,-0.22,8582,,5445,28,2.55,26,,28,35,0.68,33,,36,203,98,-1.71,1753,3512,50,43,57,0.19,256,5742,4.5,-0.42,22,16,29,-0.72,58,83,25,76500,15576,4.9,-0.38,698,3407,20,11,30,-1.49,13,8.7,1.03,16,103,-1.53,77,103,81,129,0.96,11.0,-0.15,No,-0.28,12,8,15,8,4,0,-0.85,82,77,86,-1.26,,,,4475,50,42,57,1.38,34,32,35,1315,15,13,18,122,3,2,5,13,10,17,2080,14
01031,Alabama,Coffee,7933,7085,8781,-1.48,10334,6034,7653,20,20,21,-0.67,4.5,4.4,4.7,-0.37,4.6,4.4,4.8,-0.33,,8,7,9,-1.11,15,8,6,18,18,19,-1.40,33,29,39,-1.05,7.5,-0.51,30,26,35,-0.06,57,-0.55,16,15,16,0.60,18,44,41,33,48,0.90,238,467.5,-0.25,30,26,33,-0.96,36,72,24,4583,11,9,12,-0.43,28,55,1830:1,-0.36,17,33,3051:1,-0.12,28,54,1853:1,0.04,4614,-0.81,6019,1963,4458,40,0.10,36,33,41,41,-0.35,34,24,43,735,93,-0.67,7932,13112,60,56,65,-0.95,907,20671,4.4,-0.47,25,20,30,-0.47,42,38,19,100452,21000,4.8,-0.53,4453,12097,37,32,42,-0.32,81,15.8,-1.17,142,276,-0.61,153,60,50,69,-1.62,10.9,-0.31,No,-0.28,12,10,14,10,1,1,-0.68,87,85,88,0.40,81,90,86,19200,25,22,27,-1.47,37,36,38,4218,14,12,16,410,3,2,4,15,12,18,7500,15
01033,Alabama,Colbert,10332,9322,11343,-0.28,11605,,10387,20,20,21,-0.66,4.3,4.2,4.5,-0.84,4.5,4.3,4.7,-0.72,,10,9,11,-0.25,14,8,9,18,18,19,-1.30,33,28,37,-1.29,7.4,-0.43,33,29,37,0.80,55,-0.46,16,15,16,0.76,13,73,18,12,24,-1.20,258,473.0,-0.23,34,31,37,-0.45,30,29,36,4221,10,8,11,-1.13,37,68,1465:1,-0.94,23,42,2370:1,-0.69,17,31,3206:1,0.40,6478,0.43,8389,,6076,40,0.10,46,50,38,47,-1.38,42,29,47,585,92,-0.59,7273,12976,56,51,61,-0.47,1203,23092,5.2,0.12,22,16,29,-0.75,31,18,21,85407,17308,4.9,-0.35,4149,11661,36,31,40,-0.41,94,17.3,-1.64,218,400,0.05,188,69,59,79,-1.06,10.7,-0.63,No,-0.28,15,13,17,13,1,1,-0.01,89,88,90,1.24,91,,91,19426,27,24,30,-1.16,37,36,38,3952,12,11,14,300,3,2,3,18,15,21,8330,15
01035,Alabama,Conecuh,10635,8547,12724,-0.13,11101,,10319,29,28,30,1.49,5.6,5.4,5.8,1.90,5.3,5.1,5.5,1.92,,14,12,17,1.82,18,,11,23,23,24,1.62,39,32,46,0.34,5.2,1.13,35,29,41,1.30,37,0.44,11,11,12,-1.63,9,34,26,17,36,-0.42,70,552.5,0.09,41,34,49,0.40,46,,35,1225,13,11,15,0.85,6,48,2066:1,-0.09,2,16,6235:1,0.88,8,64,1559:1,-0.12,11309,3.00,11459,,11331,37,0.71,40,,36,44,-0.87,38,,47,107,80,1.62,883,2551,35,26,43,1.85,273,4446,6.1,0.79,43,30,56,1.49,61,,14,60552,12302,4.9,-0.37,1266,2771,46,33,58,0.32,12,9.7,0.73,48,387,-0.02,57,90,68,117,0.22,10.3,-1.28,No,-0.28,17,13,22,13,2,4,0.73,90,86,94,1.54,95,,85,3506,43,34,52,0.63,42,41,43,1154,16,14,19,78,3,2,4,20,15,24,3030,24
01037,Alabama,Coosa,12713,9776,15651,0.91,12021,,13835,24,23,25,0.25,4.8,4.6,5.0,0.24,4.7,4.5,4.9,0.00,,13,11,16,1.37,21,,10,21,20,21,-0.08,40,33,48,0.78,6.9,-0.08,31,24,38,0.16,8,1.87,14,13,14,-0.49,7,32,22,13,32,-0.83,48,440.9,-0.35,45,37,56,0.83,46,,46,1097,13,11,15,1.20,,,,0.00,,,,0.00,1,9,10754:1,0.74,4725,-0.74,4794,,4698,39,0.30,39,,39,39,-0.01,30,,41,81,83,1.18,1102,2451,45,35,55,0.73,201,4348,4.6,-0.30,28,19,36,-0.16,36,,10,68298,15942,4.3,-1.12,692,1905,36,27,46,-0.35,10,9.5,0.80,27,255,-0.72,62,115,88,148,1.70,11.0,-0.15,No,-0.28,16,12,20,14,1,2,0.43,83,77,89,-0.79,,,,3120,39,29,50,0.23,37,36,38,1032,16,14,19,73,4,3,5,19,14,24,1780,16
01039,Alabama,Covington,11346,10066,12626,0.23,14058,,10994,22,22,23,-0.13,4.8,4.6,5.0,0.12,4.8,4.6,5.0,0.30,,10,9,11,-0.46,15,,9,21,20,22,0.17,33,28,39,-1.05,7.5,-0.51,33,28,38,0.73,51,-0.23,15,15,16,0.53,12,44,27,19,35,-0.34,170,448.4,-0.32,51,46,56,1.47,42,,54,3635,12,11,14,0.55,19,51,1971:1,-0.19,14,38,2649:1,-0.42,22,59,1686:1,-0.05,8193,1.56,8469,,8178,43,-0.51,50,,43,44,-0.87,29,55,45,412,95,-1.12,4490,8404,53,49,58,-0.19,820,15646,5.2,0.14,26,19,33,-0.35,42,18,22,79761,17278,4.6,-0.73,2597,8075,32,27,38,-0.65,50,13.3,-0.41,125,331,-0.32,137,73,61,85,-0.83,10.5,-0.95,No,-0.28,14,12,15,10,2,2,-0.26,87,85,88,0.44,83,,90,12609,27,23,30,-1.19,36,35,37,3415,16,14,18,240,3,2,4,15,12,18,5870,16
01041,Alabama,Crenshaw,9259,7487,11031,-0.82,10376,,9203,22,22,23,-0.17,4.6,4.4,4.8,-0.28,4.7,4.5,4.8,-0.14,,9,8,11,-0.53,13,,9,20,19,21,-0.38,38,32,45,0.21,6.2,0.42,30,25,36,-0.15,26,0.97,14,14,15,0.00,7,17,41,28,53,0.92,98,701.2,0.68,41,34,49,0.36,25,,47,1293,12,10,13,0.02,2,14,6957:1,1.36,2,14,6936:1,0.98,7,50,1982:1,0.09,6215,0.25,6312,,6056,42,-0.31,30,,45,37,0.34,25,,39,174,89,-0.02,1429,3228,44,38,51,0.80,287,6417,4.5,-0.41,29,20,38,0.02,27,28,21,83364,14465,5.8,0.62,1224,3065,40,31,49,-0.09,15,10.8,0.39,45,332,-0.32,52,75,56,98,-0.73,10.7,-0.63,No,-0.28,10,8,12,9,1,0,-1.33,81,78,84,-1.48,87,,78,4556,44,38,50,0.73,38,37,39,1188,15,12,17,115,3,2,5,16,12,20,2310,17
01043,Alabama,Cullman,10008,9241,10774,-0.44,,,,21,20,21,-0.55,4.5,4.3,4.7,-0.49,4.8,4.5,5.0,0.15,,8,7,9,-1.15,,6,8,20,19,21,-0.17,35,29,40,-0.76,8.3,-1.08,33,29,39,0.92,46,-0.01,16,15,17,0.80,31,107,29,24,34,-0.19,274,337.1,-0.77,45,41,48,0.74,27,45,45,8562,13,11,14,0.87,48,58,1718:1,-0.51,40,48,2069:1,-1.06,99,120,836:1,-1.00,6303,0.31,,,,45,-0.92,53,46,44,41,-0.35,32,31,41,981,91,-0.29,10235,20173,51,47,55,0.11,1398,37637,3.7,-0.96,19,13,24,-1.12,44,43,17,83761,18122,4.6,-0.72,5027,18126,28,23,32,-0.97,104,12.6,-0.18,106,129,-1.39,397,97,87,107,0.62,11.6,0.82,No,-0.28,14,12,15,12,2,1,-0.27,88,88,89,0.96,75,83,89,27897,35,32,38,-0.28,35,34,36,8073,17,15,19,550,3,2,4,16,13,20,9790,12
01045,Alabama,Dale,9637,8654,10621,-0.63,12002,,9387,23,22,23,-0.09,4.7,4.6,4.9,0.00,4.4,4.3,4.6,-0.88,,9,8,9,-0.95,14,11,7,19,18,19,-1.16,37,32,42,-0.03,6.7,0.06,29,25,33,-0.56,48,-0.12,14,14,15,-0.02,21,48,44,37,50,1.15,283,571.9,0.17,35,31,38,-0.36,35,28,36,4460,11,9,13,-0.28,8,16,6153:1,1.28,17,35,2896:1,-0.23,40,81,1231:1,-0.39,5162,-0.45,5329,,5128,43,-0.51,42,52,43,43,-0.70,35,36,45,506,90,-0.25,7636,13058,58,54,63,-0.73,881,19868,4.4,-0.44,26,19,33,-0.35,55,16,20,86303,16488,5.2,0.00,4165,11517,36,31,42,-0.36,55,11.2,0.27,214,437,0.24,180,73,62,83,-0.83,11.0,-0.15,No,-0.28,13,11,14,11,1,1,-0.53,87,85,89,0.56,88,86,88,17670,26,23,29,-1.32,41,40,42,4177,14,12,17,314,3,2,4,16,13,18,8300,17
01047,Alabama,Dallas,13924,12569,15278,1.52,14864,,11381,29,28,29,1.40,5.1,5.0,5.3,0.94,5.1,4.9,5.3,1.23,,14,13,15,1.57,15,,9,22,21,23,0.89,42,39,46,1.18,4.3,1.78,28,25,32,-0.75,49,-0.15,12,11,13,-1.32,27,49,55,49,61,2.18,430,1030.9,1.99,43,39,47,0.58,47,,29,3369,10,9,12,-0.70,30,75,1334:1,-1.23,13,33,3017:1,-0.14,19,48,2064:1,0.13,6574,0.49,7912,,5163,45,-0.92,45,,46,34,0.85,27,,42,507,86,0.53,4548,9244,49,44,55,0.27,1124,14935,7.5,1.79,43,30,57,1.52,56,41,24,70804,10816,6.5,1.55,6889,9996,69,62,75,2.00,56,14.0,-0.61,380,925,2.83,211,103,89,117,1.00,11.1,0.01,No,-0.28,23,20,26,19,6,1,2.42,87,84,89,0.38,84,,92,12177,26,22,30,-1.33,42,41,43,3181,14,12,16,211,2,1,3,17,14,19,12230,30
01049,Alabama,DeKalb,10995,10106,11884,0.05,10646,5493,11848,23,22,24,0.03,4.5,4.4,4.7,-0.37,4.7,4.5,4.8,-0.19,,8,7,9,-1.16,,8,8,22,22,23,0.98,30,26,35,-1.84,8.4,-1.15,31,26,35,0.01,47,-0.03,15,14,16,0.25,29,84,35,29,40,0.32,179,251.9,-1.11,42,39,46,0.50,34,50,41,9705,17,15,18,3.27,30,42,2363:1,0.17,18,25,3979:1,0.34,16,22,4476:1,0.54,5204,-0.42,6069,,5262,33,1.53,32,26,33,42,-0.52,22,36,42,813,93,-0.71,7815,17671,44,40,48,0.81,1304,29038,4.5,-0.40,28,21,34,-0.14,13,49,24,76234,16388,4.7,-0.68,5709,17479,33,28,38,-0.62,64,9.0,0.93,196,312,-0.42,332,93,83,103,0.40,11.3,0.34,No,-0.28,13,11,15,10,3,1,-0.42,87,85,88,0.36,,74,88,24322,30,27,33,-0.83,36,35,37,9078,22,19,24,694,4,3,5,12,10,15,8510,12
01051,Alabama,Elmore,8400,7684,9116,-1.25,10492,,7939,19,18,20,-0.98,4.2,4.1,4.4,-1.09,4.4,4.2,4.6,-1.00,,9,9,10,-0.50,17,9,7,19,18,19,-1.13,36,31,42,-0.34,7.6,-0.58,28,24,33,-0.82,52,-0.30,17,16,17,1.17,30,83,36,31,42,0.46,340,419.9,-0.44,32,29,34,-0.72,36,32,30,5531,9,7,10,-1.87,22,27,3718:1,0.83,12,15,6806:1,0.96,9,11,9075:1,0.72,6057,0.15,7270,,5956,48,-1.53,42,45,49,40,-0.18,33,,41,903,86,0.53,11566,22180,52,48,56,-0.05,1356,37236,3.6,-1.01,17,12,21,-1.36,37,41,14,104678,24050,4.4,-1.04,6110,18214,34,28,39,-0.55,89,10.9,0.36,195,239,-0.81,315,77,69,86,-0.56,11.9,1.30,No,-0.28,11,9,13,9,1,1,-0.94,86,84,89,0.25,84,,84,28144,46,42,49,0.94,38,37,39,5101,11,9,13,480,2,2,3,15,12,18,11290,14
01053,Alabama,Escambia,11921,10655,13186,0.52,13683,,11441,24,24,25,0.36,4.9,4.7,5.0,0.30,4.7,4.5,4.9,-0.04,,10,9,11,-0.42,15,,7,21,20,22,0.13,38,33,44,0.26,6.5,0.21,30,25,35,-0.15,49,-0.13,13,13,14,-0.70,24,63,38,32,44,0.64,206,545.9,0.06,48,43,53,1.14,49,,47,3680,13,11,15,1.09,15,40,2515:1,0.28,13,35,2881:1,-0.24,18,48,2080:1,0.13,7620,1.18,7919,,7319,35,1.12,36,,35,35,0.68,26,,38,385,88,0.23,3693,9643,38,33,43,1.45,722,14352,5.0,-0.01,34,26,41,0.50,57,13,19,74169,13337,5.6,0.39,3675,8328,44,37,51,0.21,57,15.1,-0.95,169,446,0.29,228,121,105,137,2.04,10.2,-1.44,No,-0.28,12,10,14,9,2,2,-0.76,91,90,93,2.00,90,,90,10879,28,24,32,-1.07,40,39,41,3420,17,15,20,281,3,2,4,18,15,22,7480,20
01055,Alabama,Etowah,11761,10994,12528,0.44,13604,7439,11466,23,22,24,0.00,5.0,4.8,5.2,0.59,4.9,4.7,5.1,0.68,,9,8,9,-0.88,13,6,8,23,22,24,1.42,36,32,40,-0.34,7.1,-0.22,33,30,37,0.92,45,0.04,14,13,14,-0.34,17,98,17,12,23,-1.24,526,508.1,-0.09,42,40,45,0.49,44,69,40,9476,12,10,13,0.03,81,79,1266:1,-1.40,55,54,1868:1,-1.37,109,106,943:1,-0.78,7165,0.88,11685,1230,6712,29,2.35,30,17,29,36,0.51,25,38,37,1213,90,-0.24,13360,25179,53,49,57,-0.15,1962,42894,4.6,-0.34,29,24,35,0.02,52,51,20,83379,17682,4.7,-0.61,8275,22372,37,33,41,-0.30,162,15.8,-1.16,619,604,1.13,450,87,79,95,0.03,11.5,0.66,No,-0.28,12,11,13,10,2,1,-0.68,85,83,87,-0.22,84,73,85,34279,29,26,31,-1.01,41,40,42,8947,15,13,17,592,3,2,3,15,13,18,15660,15
01057,Alabama,Fayette,9664,7963,11364,-0.62,13360,,9283,20,19,20,-0.82,4.6,4.4,4.8,-0.32,4.6,4.4,4.8,-0.28,,10,8,12,-0.30,19,,9,20,19,21,-0.35,38,32,44,0.10,7.9,-0.79,35,28,41,1.30,35,0.55,15,14,16,0.26,6,19,32,19,44,0.05,77,456.3,-0.29,43,36,50,0.54,33,,45,1401,11,9,12,-0.43,19,115,871:1,-2.93,5,30,3294:1,0.02,2,12,8234:1,0.70,5503,-0.22,7466,,5320,37,0.71,29,,39,44,-0.87,38,,45,183,92,-0.53,2068,3773,55,47,62,-0.34,309,6529,4.7,-0.22,28,20,36,-0.16,64,14,19,76223,15153,5.0,-0.24,1159,3525,33,23,43,-0.60,17,10.3,0.55,,,0.00,82,98,78,122,0.68,10.6,-0.79,No,-0.28,13,10,16,11,1,1,-0.51,84,80,88,-0.44,,,,5224,38,32,44,0.08,39,38,40,1310,14,12,16,103,3,2,4,16,12,19,2520,15
01059,Alabama,Franklin,10876,9583,12168,-0.01,14266,,12119,22,22,23,-0.14,4.7,4.5,4.9,0.06,4.9,4.7,5.1,0.49,,9,8,10,-0.67,18,7,10,21,20,22,0.14,33,27,39,-1.15,8.0,-0.86,34,28,40,0.95,58,-0.59,15,14,16,0.28,3,28,11,3,22,-1.85,111,351.3,-0.71,48,43,53,1.15,,63,46,3419,13,11,15,1.02,14,44,2259:1,0.09,8,25,3937:1,0.32,4,13,7874:1,0.69,7810,1.31,6999,,7842,32,1.73,36,20,32,38,0.16,21,21,39,380,92,-0.59,3306,7832,42,37,47,1.03,591,13960,4.2,-0.58,30,23,37,0.07,27,64,33,75018,17603,4.3,-1.14,3387,7716,44,31,57,0.19,31,9.8,0.69,83,264,-0.67,143,91,76,105,0.23,10.5,-0.95,No,-0.28,12,9,15,8,3,1,-0.65,85,82,88,-0.20,,72,87,10576,36,31,40,-0.20,38,37,40,3168,17,15,19,276,4,2,5,14,11,17,4090,13
01061,Alabama,Geneva,10643,9174,12112,-0.12,16175,,10425,24,23,25,0.19,4.9,4.7,5.2,0.46,4.9,4.7,5.1,0.68,,8,7,9,-1.26,18,,7,22,21,23,0.95,38,32,44,0.16,7.9,-0.79,32,27,38,0.57,20,1.28,15,14,15,0.12,10,24,42,31,51,0.96,93,348.2,-0.72,49,44,55,1.30,42,39,52,2978,14,12,16,1.69,7,26,3802:1,0.85,2,8,13211:1,1.39,4,15,6605:1,0.65,5629,-0.14,5255,3514,5642,41,-0.10,49,36,41,46,-1.21,36,34,47,278,90,-0.25,2778,6215,45,38,51,0.76,462,10817,4.3,-0.55,34,26,43,0.56,58,31,34,78989,16096,4.9,-0.38,2440,5847,42,34,49,0.04,24,9.0,0.94,111,414,0.12,105,79,64,94,-0.47,10.6,-0.79,No,-0.28,11,9,14,9,2,1,-0.89,84,80,87,-0.68,80,,83,8522,43,37,48,0.58,37,36,38,2752,18,15,20,245,4,3,5,16,13,20,4080,15
01063,Alabama,Greene,12886,9906,15866,1.00,13913,,9133,34,33,35,2.72,5.6,5.4,5.9,2.07,5.3,5.0,5.5,1.83,,15,12,18,2.09,,,,24,23,25,2.16,42,35,49,1.23,3.1,2.63,28,22,34,-0.82,6,1.97,10,9,10,-2.45,11,38,29,20,38,-0.19,73,853.5,1.29,46,37,57,0.93,,,,738,11,9,13,-0.25,5,59,1684:1,-0.56,1,12,8330:1,1.13,1,12,8330:1,0.70,7559,1.14,8039,,6551,40,0.10,38,,45,28,1.88,23,,41,89,78,2.16,832,1755,47,34,61,0.46,217,2833,7.7,1.89,49,35,64,2.19,72,64,46,52454,9294,5.6,0.48,1547,1999,77,65,90,2.61,9,10.7,0.42,55,669,1.47,33,78,53,109,-0.55,10.5,-0.95,No,-0.28,18,13,22,14,4,2,0.84,80,77,83,-1.88,,,,1922,43,32,55,0.67,45,44,46,694,14,12,17,48,2,2,3,19,15,24,2690,31
01065,Alabama,Hale,11902,9820,13983,0.51,13012,,9680,27,27,28,1.10,5.2,5.0,5.4,1.05,5.0,4.8,5.2,0.92,,14,12,16,1.69,17,,8,22,21,23,0.81,42,37,48,1.20,6.1,0.49,31,26,36,0.13,30,0.80,13,12,13,-0.83,8,24,33,22,44,0.21,145,955.0,1.69,38,32,44,-0.01,42,,31,1341,11,9,13,-0.17,2,13,7476:1,1.41,2,14,7406:1,1.04,2,14,7406:1,0.68,6807,0.64,8426,,5381,39,0.30,39,,39,33,1.02,21,,44,195,91,-0.43,1411,3256,43,35,52,0.90,354,6007,5.9,0.61,36,25,46,0.69,50,,19,73511,12173,6.0,0.95,2052,3475,59,51,67,1.29,9,6.0,1.86,29,209,-0.97,62,82,63,105,-0.27,10.8,-0.47,No,-0.28,18,15,21,16,2,1,0.96,90,85,96,1.71,92,,89,4656,48,41,56,1.24,42,41,43,1246,15,12,17,107,3,2,4,16,13,20,3550,23
01067,Alabama,Henry,9803,8051,11556,-0.55,12084,,9065,21,21,22,-0.41,4.6,4.5,4.8,-0.16,4.5,4.4,4.7,-0.54,,9,8,11,-0.52,15,,7,20,19,20,-0.56,38,31,45,0.13,7.7,-0.65,32,26,39,0.57,26,1.01,14,13,14,-0.41,3,15,20,7,35,-1.00,78,453.8,-0.30,36,30,43,-0.19,44,,34,1559,12,10,13,0.17,5,29,3433:1,0.73,5,29,3429:1,0.09,3,17,5716:1,0.61,4305,-1.02,5384,,4070,47,-1.33,40,,49,42,-0.52,30,,46,191,98,-1.68,2205,3800,58,49,67,-0.68,326,6697,4.9,-0.12,28,20,35,-0.17,32,,11,90636,17640,5.1,-0.11,939,3537,27,19,34,-1.06,30,17.5,-1.69,34,197,-1.03,62,72,55,92,-0.88,10.9,-0.31,No,-0.28,11,9,14,10,1,1,-0.98,86,82,90,0.16,78,,86,5900,35,29,42,-0.25,38,37,39,1444,15,12,17,127,3,2,5,17,13,21,2670,16
01069,Alabama,Houston,9377,8679,10074,-0.76,12702,,8110,24,23,24,0.21,4.8,4.6,4.9,0.10,4.4,4.3,4.6,-0.96,,10,10,11,-0.09,16,6,7,22,21,22,0.50,36,32,40,-0.37,7.0,-0.15,29,26,32,-0.53,58,-0.58,16,15,16,0.64,23,88,26,21,32,-0.45,647,621.0,0.36,38,36,41,0.03,53,48,30,9498,11,10,12,-0.22,90,86,1156:1,-1.72,68,65,1535:1,-2.07,138,132,756:1,-1.20,5137,-0.46,6791,,4772,45,-0.92,46,41,45,45,-1.04,34,36,48,1090,91,-0.36,15642,26602,59,57,61,-0.77,1927,44411,4.3,-0.51,27,23,30,-0.28,52,38,15,88908,17737,5.0,-0.26,10703,24271,44,42,46,0.21,136,13.1,-0.32,508,488,0.51,374,72,65,79,-0.89,10.7,-0.63,No,-0.28,13,12,14,12,1,0,-0.41,89,88,90,1.27,87,80,91,38860,27,25,28,-1.20,37,36,38,8922,14,13,16,636,3,2,3,15,12,17,17960,17
01071,Alabama,Jackson,11016,9963,12068,0.06,11133,,11528,20,19,20,-0.84,4.6,4.4,4.8,-0.30,4.8,4.6,5.0,0.27,,9,8,10,-0.69,18,7,9,22,21,23,0.95,37,31,43,-0.11,7.9,-0.79,30,25,36,-0.03,48,-0.08,15,14,16,0.38,17,72,24,18,30,-0.68,127,241.1,-1.15,43,39,47,0.61,43,58,43,5240,13,11,14,0.71,27,52,1931:1,-0.24,17,33,3053:1,-0.12,23,44,2257:1,0.19,6730,0.59,9718,4832,6636,40,0.10,37,,40,43,-0.70,34,30,43,597,90,-0.21,5441,12318,44,40,49,0.81,1100,23066,4.8,-0.20,23,17,30,-0.63,42,55,25,77556,15132,5.1,-0.13,3668,11248,33,26,39,-0.62,48,9.2,0.88,163,317,-0.39,258,98,86,111,0.70,11.0,-0.15,No,-0.28,10,8,12,8,1,1,-1.40,87,85,89,0.53,,,,17383,37,33,41,-0.01,38,37,39,4922,16,14,18,350,3,2,4,16,12,20,7360,14
01073,Alabama,Jefferson,10995,10701,11290,0.05,13252,5406,9649,20,19,20,-0.76,4.0,3.9,4.1,-1.57,4.3,4.1,4.4,-1.42,,11,11,11,0.29,15,7,8,18,18,19,-1.28,33,31,35,-1.08,6.2,0.42,28,26,30,-0.82,80,-1.66,16,16,17,0.93,68,422,16,14,19,-1.36,4626,700.1,0.68,32,31,33,-0.69,44,66,17,53889,10,9,11,-1.04,714,108,924:1,-2.65,579,88,1139:1,-3.43,1026,156,642:1,-1.57,4236,-1.06,5192,5743,3833,47,-1.33,46,29,47,43,-0.70,33,33,47,7953,89,0.05,120084,178343,67,66,69,-1.69,13106,309076,4.2,-0.58,23,20,26,-0.65,38,45,9,103706,19090,5.4,0.24,65982,151105,44,42,45,0.18,956,14.5,-0.76,5623,873,2.55,3040,92,89,95,0.33,13.4,3.72,No,-0.28,18,17,18,16,1,1,0.91,84,84,85,-0.38,82,75,88,249744,33,32,34,-0.51,36,36,37,50420,13,12,14,3919,3,2,3,13,12,14,125000,19
01075,Alabama,Lamar,12557,10319,14795,0.83,15160,,12365,25,24,26,0.52,4.9,4.7,5.1,0.37,5.0,4.7,5.2,0.88,,10,8,12,-0.21,18,,9,21,20,22,0.02,35,29,41,-0.63,7.7,-0.65,36,30,43,1.87,18,1.41,14,13,15,-0.29,3,14,21,8,37,-0.87,51,362.1,-0.67,42,35,50,0.47,38,,43,1204,11,9,13,-0.23,,,,0.00,3,22,4649:1,0.55,2,14,6973:1,0.66,5852,0.01,6767,,5835,38,0.51,29,,39,42,-0.52,27,,44,140,94,-1.00,1665,3069,54,45,64,-0.27,241,5703,4.2,-0.59,26,18,34,-0.32,65,58,35,70847,14924,4.7,-0.57,722,3070,24,16,31,-1.28,12,8.6,1.06,23,162,-1.22,58,83,63,107,-0.24,10.3,-1.28,No,-0.28,12,8,15,10,1,2,-0.86,84,82,87,-0.39,,,,4485,41,33,48,0.37,38,37,39,1113,14,12,16,100,3,2,4,16,12,20,2280,16
01077,Alabama,Lauderdale,8951,8237,9665,-0.97,12194,,8843,19,19,20,-0.88,4.3,4.1,4.5,-0.94,4.5,4.4,4.7,-0.55,,10,9,11,-0.21,19,7,9,19,18,19,-1.08,35,31,39,-0.74,7.5,-0.51,28,25,32,-0.72,59,-0.64,15,14,15,0.13,19,68,28,22,34,-0.28,420,451.1,-0.31,24,22,26,-1.61,24,42,23,7267,10,9,11,-0.98,47,51,1964:1,-0.20,50,54,1851:1,-1.40,135,146,685:1,-1.41,5480,-0.24,8373,,5268,42,-0.31,41,48,42,51,-2.07,38,39,52,1033,94,-1.02,12311,21115,58,55,62,-0.71,1931,41868,4.6,-0.31,19,14,24,-1.11,34,34,20,86710,19062,4.5,-0.81,6632,18566,36,31,40,-0.40,139,15.1,-0.94,248,269,-0.65,323,70,62,77,-1.02,11.0,-0.15,No,-0.28,13,11,14,12,1,0,-0.52,88,87,89,0.87,95,86,88,34550,29,27,31,-0.94,35,34,36,6837,12,11,14,489,3,2,3,14,12,17,13940,15
01079,Alabama,Lawrence,11246,9934,12558,0.18,11832,,12086,21,21,22,-0.38,4.6,4.5,4.8,-0.16,4.7,4.5,4.9,0.11,,9,7,10,-0.95,12,,8,21,20,22,0.26,35,29,42,-0.63,7.9,-0.79,35,28,42,1.40,49,-0.15,15,15,16,0.53,10,42,24,16,32,-0.66,102,304.7,-0.90,40,36,45,0.28,34,48,46,3804,14,12,16,1.61,5,15,6649:1,1.34,3,9,11016:1,1.30,39,118,847:1,-0.97,6598,0.51,8104,,6375,39,0.30,46,,38,39,-0.01,29,,41,360,88,0.18,4030,7996,50,44,57,0.14,666,13640,4.9,-0.11,24,18,31,-0.51,35,57,17,88468,17872,5.0,-0.33,2168,7223,30,23,37,-0.81,44,13.2,-0.37,84,260,-0.69,161,97,82,112,0.60,11.3,0.34,No,-0.28,11,9,14,10,2,1,-0.90,87,85,88,0.40,88,,86,10657,48,43,53,1.20,39,38,40,3559,18,15,20,268,4,2,5,15,11,19,4880,15
01081,Alabama,Lee,7085,6610,7560,-1.91,10018,,6424,19,19,20,-0.88,4.2,4.0,4.3,-1.18,4.4,4.2,4.6,-1.01,,8,8,9,-1.02,14,7,6,19,18,19,-1.09,31,27,36,-1.57,6.4,0.28,22,19,25,-2.65,66,-1.01,18,18,19,2.18,23,75,31,25,37,-0.03,782,507.0,-0.09,18,16,19,-2.31,31,32,13,14359,10,9,12,-0.63,82,52,1939:1,-0.23,48,30,3367:1,0.06,131,81,1234:1,-0.39,3778,-1.37,4898,,3400,36,0.92,34,21,38,45,-1.04,32,31,49,1671,91,-0.41,29512,41375,71,68,75,-2.12,2877,73520,3.9,-0.81,19,15,23,-1.07,42,28,16,100837,16183,6.2,1.18,12655,33643,38,34,41,-0.26,129,8.1,1.22,652,416,0.13,434,55,50,61,-1.87,12.1,1.63,No,-0.28,20,18,21,18,2,1,1.54,85,83,86,-0.25,83,73,83,60067,28,26,30,-1.06,37,36,38,13562,13,11,15,932,3,2,3,10,8,11,27640,18
01083,Alabama,Limestone,7645,6991,8300,-1.63,8412,,7874,18,18,19,-1.11,4.0,3.9,4.2,-1.50,4.3,4.2,4.5,-1.20,,9,8,10,-0.75,16,8,8,19,18,20,-1.06,34,29,39,-1.00,8.2,-1.00,27,23,32,-1.01,60,-0.71,16,15,16,0.69,28,109,26,21,31,-0.49,234,257.7,-1.08,26,23,28,-1.40,19,56,24,8497,11,10,12,-0.26,33,36,2811:1,0.46,25,26,3776:1,0.26,38,40,2484:1,0.26,5951,0.08,6844,7312,5808,45,-0.92,44,38,45,44,-0.87,34,28,45,1076,92,-0.57,14021,24440,57,53,62,-0.61,1635,41092,4.0,-0.77,17,12,21,-1.36,18,42,16,106098,20840,5.1,-0.17,5543,21161,26,22,30,-1.08,87,9.4,0.82,147,160,-1.23,259,56,50,63,-1.81,11.8,1.14,No,-0.28,11,10,13,9,2,1,-1.01,88,86,90,0.97,84,92,85,34130,40,37,43,0.28,37,36,38,7855,14,12,16,711,3,2,4,12,10,16,11220,12
01085,Alabama,Lowndes,17068,13964,20173,3.00,18110,,16335,30,29,31,1.73,5.4,5.1,5.6,1.43,5.1,4.9,5.3,1.39,,14,12,16,1.71,16,,6,22,22,23,0.98,46,39,53,2.30,4.5,1.63,33,27,39,0.76,5,2.04,11,10,11,-2.01,18,33,55,47,61,2.13,111,1049.1,2.07,36,29,45,-0.20,,,,937,11,10,13,-0.08,1,10,10358:1,1.57,1,10,10076:1,1.25,,,,0.00,5337,-0.33,6375,,3502,44,-0.72,43,,44,36,0.51,29,,45,115,91,-0.44,906,2345,39,30,47,1.41,300,3750,8.0,2.13,40,28,52,1.18,58,52,6,66034,11457,5.8,0.63,1729,2358,73,64,82,2.32,7,6.8,1.64,56,671,1.48,65,125,96,159,2.27,10.9,-0.31,No,-0.28,21,17,25,19,2,2,1.89,84,79,90,-0.36,74,,83,2889,60,50,70,2.59,43,42,44,871,15,12,17,72,3,2,4,18,15,23,2970,28
01087,Alabama,Macon,11806,9976,13636,0.46,12791,,8879,30,29,31,1.72,5.2,4.9,5.4,1.01,4.9,4.6,5.1,0.48,,14,12,16,1.63,15,,8,22,21,23,0.66,47,38,55,2.44,3.9,2.06,31,25,37,0.07,32,0.68,12,11,13,-1.43,22,54,41,34,47,0.88,229,1178.9,2.58,22,19,26,-1.79,22,,37,1435,10,9,12,-0.67,6,32,3161:1,0.63,5,27,3751:1,0.25,73,389,257:1,-3.00,5299,-0.36,5440,,5072,40,0.10,42,,35,33,1.02,30,,44,205,80,1.69,2010,3883,52,45,58,-0.01,456,7892,5.8,0.53,45,32,57,1.68,41,34,26,72898,11343,6.4,1.41,2042,3417,60,49,70,1.34,15,7.9,1.28,138,734,1.82,88,92,74,113,0.30,11.7,0.98,Yes,3.00,21,18,24,19,2,1,1.79,79,75,84,-2.15,79,,81,5689,36,31,41,-0.11,46,44,47,1371,13,11,15,73,2,1,3,19,15,24,5320,27
01089,Alabama,Madison,8015,7674,8357,-1.44,9279,3378,8248,15,14,15,-2.02,3.8,3.6,3.9,-2.09,4.0,3.9,4.2,-2.24,,10,9,10,-0.46,15,6,7,16,16,17,-2.41,32,29,35,-1.47,7.5,-0.51,22,19,25,-2.71,69,-1.15,16,15,16,0.63,53,172,31,27,35,-0.02,1980,565.2,0.14,22,21,23,-1.86,30,45,16,26207,9,8,10,-1.73,315,88,1133:1,-1.79,201,56,1796:1,-1.50,470,130,768:1,-1.16,5154,-0.45,7188,5040,4831,45,-0.92,45,41,45,44,-0.87,32,35,47,3982,93,-0.79,67071,91600,73,71,76,-2.32,6741,175153,3.8,-0.86,18,15,21,-1.19,41,46,8,124232,24334,5.1,-0.15,24322,78315,31,29,33,-0.73,384,10.8,0.40,2155,611,1.16,1102,62,59,66,-1.46,11.6,0.82,Yes,3.49,13,12,13,11,1,1,-0.58,88,87,89,0.78,86,80,89,147251,25,24,26,-1.36,36,35,37,24623,11,10,12,1816,2,2,3,13,11,15,50100,14
01091,Alabama,Marengo,11228,9513,12943,0.17,13027,,8792,27,27,28,1.09,5.2,5.0,5.3,0.97,4.8,4.6,5.0,0.40,,12,11,14,0.81,15,,8,21,21,22,0.45,41,36,46,0.86,5.3,1.06,32,27,36,0.32,45,0.07,12,11,12,-1.55,14,31,45,36,53,1.28,115,571.9,0.17,31,26,36,-0.82,36,,22,1571,10,9,12,-0.88,8,41,2459:1,0.24,5,26,3875:1,0.30,6,31,3229:1,0.40,6242,0.27,7140,,5568,36,0.92,35,,38,32,1.20,22,,41,297,91,-0.36,2251,4545,50,,,0.24,431,7623,5.7,0.44,33,22,43,0.37,47,33,21,76994,11217,6.9,1.92,2318,4534,51,40,62,0.72,41,20.8,-2.73,88,449,0.31,89,90,72,110,0.17,10.6,-0.79,No,-0.28,18,15,21,16,1,2,1.02,88,85,91,0.86,87,,85,5755,33,27,40,-0.48,39,38,40,1460,13,11,15,124,3,2,4,19,16,22,4740,24
01093,Alabama,Marion,10860,9475,12245,-0.02,,,,21,20,22,-0.51,4.6,4.4,4.8,-0.27,4.8,4.5,5.0,0.21,,9,8,10,-0.84,,12,8,21,20,22,0.10,36,31,42,-0.26,7.9,-0.79,32,27,37,0.35,46,-0.02,14,13,15,-0.33,3,34,9,3,18,-2.02,73,241.2,-1.15,45,39,50,0.75,,,,2644,11,10,13,-0.05,9,30,3333:1,0.70,6,20,4972:1,0.64,3,10,9944:1,0.73,7117,0.85,6332,,7091,36,0.92,46,,36,39,-0.01,36,,39,368,90,-0.23,3818,6895,55,48,62,-0.40,599,12517,4.8,-0.18,28,20,35,-0.17,94,34,22,74728,15706,4.8,-0.56,1879,6294,30,23,37,-0.82,33,11.0,0.32,89,296,-0.51,144,96,80,111,0.53,10.5,-0.95,No,-0.28,12,9,15,11,1,1,-0.67,85,82,89,-0.07,,,,9919,28,24,32,-1.06,38,36,39,2487,15,12,17,175,3,2,4,18,14,22,4200,14
01095,Alabama,Marshall,10530,9808,11253,-0.18,14547,4619,11256,22,21,23,-0.25,4.7,4.5,4.9,-0.01,5.0,4.8,5.2,0.92,,8,7,9,-1.22,12,7,8,22,21,22,0.55,33,28,38,-1.15,8.1,-0.93,33,27,38,0.76,62,-0.77,15,14,15,0.08,22,82,27,21,33,-0.38,202,213.4,-1.26,48,45,51,1.18,43,99,40,10702,14,12,15,1.44,56,59,1699:1,-0.54,31,32,3082:1,-0.10,220,230,434:1,-2.75,5877,0.03,6275,5902,5859,36,0.92,41,19,36,45,-1.04,40,21,45,1258,92,-0.62,11865,23434,51,47,54,0.12,1602,42108,3.8,-0.89,31,27,36,0.25,40,59,26,85523,17902,4.8,-0.54,7757,23318,33,29,38,-0.57,93,9.8,0.70,272,286,-0.56,412,87,78,95,0.00,11.8,1.14,No,-0.28,14,12,15,11,3,1,-0.18,85,84,86,-0.25,77,73,88,32069,29,27,32,-0.92,36,35,37,9968,18,16,20,813,3,2,4,13,10,15,11570,12
01097,Alabama,Mobile,10333,9981,10685,-0.28,12625,3185,9340,20,19,20,-0.76,4.6,4.5,4.8,-0.19,4.4,4.3,4.6,-0.94,,12,11,12,0.48,15,10,9,19,18,19,-0.99,37,35,39,-0.13,6.4,0.28,28,26,31,-0.66,72,-1.29,16,16,17,1.11,129,365,35,33,38,0.39,2840,684.1,0.61,38,37,40,0.06,50,25,31,42679,12,11,13,0.59,272,66,1525:1,-0.82,208,50,1990:1,-1.17,345,83,1200:1,-0.43,6066,0.15,7289,6962,5635,40,0.10,42,36,39,42,-0.52,33,32,45,4647,84,1.00,64161,106121,60,,,-0.95,9652,186239,5.2,0.10,31,27,36,0.25,45,37,16,93484,17804,5.3,0.02,43338,98289,44,42,46,0.21,466,11.2,0.25,2273,548,0.83,1675,81,77,85,-0.35,10.8,-0.47,No,-0.28,17,16,18,15,2,1,0.71,86,85,87,0.20,85,89,88,147231,36,35,38,-0.13,37,37,38,40363,16,15,18,2576,3,2,3,15,14,16,78400,19
01099,Alabama,Monroe,12280,10399,14160,0.69,14042,,11173,26,25,27,0.78,5.1,4.9,5.3,0.79,4.8,4.6,5.0,0.28,,12,11,14,0.79,16,,9,22,21,23,0.73,39,33,45,0.44,5.0,1.28,32,27,37,0.35,52,-0.30,12,12,13,-1.27,10,27,37,27,47,0.54,113,514.9,-0.06,42,37,48,0.48,44,,39,2128,12,10,14,0.53,8,37,2691:1,0.39,5,23,4265:1,0.44,15,70,1422:1,-0.22,4791,-0.69,4369,,4994,41,-0.10,42,,40,38,0.16,24,,44,259,88,0.18,1861,4654,40,31,49,1.27,483,7165,6.7,1.23,34,25,43,0.55,64,,23,64396,8089,8.0,3.21,2723,5071,54,42,66,0.90,32,14.9,-0.88,105,492,0.54,92,85,68,104,-0.12,10.4,-1.11,No,-0.28,12,9,15,13,1,1,-0.65,91,88,94,1.94,92,,89,5569,32,26,37,-0.62,38,37,39,1992,16,13,18,150,3,2,4,17,14,21,5580,25
01101,Alabama,Montgomery,9965,9489,10441,-0.46,11615,3148,8250,21,21,22,-0.42,4.3,4.1,4.4,-1.02,4.3,4.2,4.5,-1.29,,12,12,13,0.79,15,6,8,20,19,20,-0.59,37,33,40,-0.21,5.4,0.99,26,23,29,-1.48,77,-1.55,16,15,16,0.80,50,152,33,29,37,0.17,2519,1113.7,2.32,38,36,40,-0.01,45,127,15,20575,11,10,12,-0.22,220,97,1029:1,-2.18,157,69,1444:1,-2.32,274,121,827:1,-1.02,5809,-0.02,7153,3806,4821,49,-1.74,46,47,51,39,-0.01,32,32,43,2164,82,1.39,38278,61540,62,60,65,-1.13,4541,105505,4.3,-0.53,34,29,39,0.50,41,55,9,97906,17693,5.5,0.35,27991,53486,52,49,55,0.80,341,15.1,-0.94,1200,532,0.74,790,70,65,75,-1.01,11.9,1.30,No,-0.28,19,18,20,17,2,1,1.23,85,84,86,-0.23,85,80,87,84790,20,18,21,-2.01,37,36,38,19453,15,13,16,1269,2,2,3,13,11,15,50160,22
01103,Alabama,Morgan,9337,8709,9966,-0.78,11855,3174,9573,20,20,21,-0.61,4.6,4.5,4.8,-0.15,4.5,4.3,4.6,-0.83,,9,8,9,-0.93,14,6,8,20,19,21,-0.33,32,27,37,-1.55,8.0,-0.86,27,23,32,-1.04,57,-0.56,15,14,15,0.13,21,71,30,23,36,-0.13,407,340.3,-0.75,40,38,42,0.23,54,80,33,10877,11,10,12,-0.20,65,55,1831:1,-0.36,58,49,2049:1,-1.09,159,134,747:1,-1.22,5862,0.02,10520,2096,5496,41,-0.10,38,26,41,44,-0.87,30,28,45,1428,90,-0.23,16406,29863,55,51,58,-0.35,2252,54840,4.1,-0.67,21,16,26,-0.91,50,50,13,92069,19580,4.7,-0.63,8788,27250,32,28,36,-0.65,147,12.4,-0.10,216,181,-1.12,456,76,69,83,-0.62,11.6,0.82,No,-0.28,13,12,15,11,2,0,-0.41,90,88,91,1.46,88,81,91,44597,35,33,38,-0.23,38,37,38,10103,14,13,16,873,3,2,4,13,11,16,15800,13
01105,Alabama,Perry,14816,11763,17868,1.96,17309,,9902,32,31,33,2.28,5.8,5.5,6.0,2.33,5.3,5.1,5.6,2.12,,15,12,17,2.04,,,,23,22,24,1.50,45,38,51,1.96,4.8,1.42,35,29,40,1.27,53,-0.33,12,11,12,-1.46,8,14,57,45,67,2.37,96,977.0,1.78,30,24,37,-0.91,41,,11,786,11,9,13,-0.14,3,31,3191:1,0.64,2,21,4670:1,0.56,3,32,3113:1,0.38,5789,-0.03,6588,,5450,41,-0.10,43,,38,24,2.57,18,,34,101,93,-0.77,1015,1775,57,37,77,-0.59,270,3402,7.9,2.09,51,35,67,2.39,66,,36,51148,9512,5.4,0.17,1716,2151,80,65,95,2.78,10,10.4,0.49,22,381,-0.05,35,72,50,101,-0.86,10.7,-0.63,No,-0.28,20,14,26,15,6,1,1.65,85,76,94,-0.25,79,,86,2067,47,31,63,1.11,44,43,45,738,15,12,17,52,2,2,3,20,16,24,2970,30
01107,Alabama,Pickens,9928,8224,11633,-0.48,12035,,9225,25,24,26,0.53,5.0,4.8,5.1,0.59,4.8,4.6,4.9,0.16,,13,11,14,0.96,17,,8,21,21,22,0.45,36,30,43,-0.37,6.9,-0.08,27,22,33,-0.97,6,1.99,14,13,14,-0.33,9,24,38,27,48,0.59,111,545.1,0.06,36,30,42,-0.21,45,,25,1734,12,10,13,0.14,8,39,2541:1,0.30,2,10,10088:1,1.25,3,15,6725:1,0.66,5439,-0.26,5770,,5397,42,-0.31,41,,43,42,-0.52,33,,46,220,98,-1.73,2501,4841,52,45,58,0.00,412,7783,5.3,0.18,31,22,40,0.23,55,,14,76236,13179,5.8,0.65,1837,4171,44,36,52,0.20,24,11.8,0.07,35,166,-1.19,83,82,65,102,-0.28,10.5,-0.95,No,-0.28,16,13,19,14,2,1,0.34,83,79,86,-1.00,86,,77,5595,48,41,55,1.26,40,39,41,1622,15,12,17,124,3,2,4,16,13,20,4110,21
01109,Alabama,Pike,10148,8896,11399,-0.37,12332,,9208,22,22,23,-0.18,4.9,4.7,5.1,0.45,4.9,4.7,5.0,0.54,,10,9,11,-0.15,15,,7,22,21,23,0.91,43,37,49,1.41,6.3,0.35,26,22,31,-1.39,62,-0.81,16,15,17,0.87,15,44,34,26,42,0.28,288,862.6,1.32,19,16,21,-2.16,27,,14,3347,13,11,15,0.86,16,48,2080:1,-0.08,9,27,3696:1,0.22,12,36,2772:1,0.32,5470,-0.24,5078,,5414,44,-0.72,43,,45,39,-0.01,27,,43,291,87,0.32,4639,7801,59,52,67,-0.84,743,15238,4.9,-0.12,38,29,46,0.93,60,14,11,80637,12277,6.6,1.57,3030,6491,47,41,53,0.39,35,10.5,0.47,188,564,0.92,111,67,54,79,-1.20,11.0,-0.15,No,-0.28,15,12,18,15,2,0,0.21,85,82,88,-0.31,85,,86,11866,26,22,29,-1.35,39,38,40,3146,16,13,18,230,3,2,5,13,10,16,7120,21
01111,Alabama,Randolph,10890,9293,12486,0.00,12625,,10684,22,21,22,-0.34,4.6,4.4,4.8,-0.22,4.7,4.5,4.9,0.12,,9,8,11,-0.64,16,,8,20,19,20,-0.51,37,30,43,-0.21,7.2,-0.29,30,25,36,-0.03,35,0.55,14,14,15,-0.09,8,29,28,18,38,-0.31,98,434.8,-0.38,42,37,48,0.48,39,64,42,2121,12,10,14,0.31,6,26,3775:1,0.85,3,13,7557:1,1.05,5,22,4534:1,0.54,4215,-1.08,4766,,4212,34,1.32,38,,33,32,1.20,28,25,33,293,92,-0.53,2547,5040,51,43,58,0.13,412,9373,4.4,-0.47,28,19,36,-0.13,46,,20,69628,14534,4.8,-0.52,1608,4929,33,25,40,-0.62,24,10.6,0.45,45,196,-1.03,110,97,79,115,0.62,11.0,-0.15,No,-0.28,17,14,21,14,4,2,0.73,85,84,87,-0.01,93,,82,7178,40,34,45,0.24,36,35,37,1989,15,13,18,147,3,2,4,15,12,19,3690,16
01113,Alabama,Russell,11668,10705,12632,0.39,12640,,11631,24,23,24,0.20,4.7,4.5,4.8,-0.09,4.7,4.5,4.9,-0.06,,10,9,11,-0.17,14,7,8,22,21,22,0.65,40,34,47,0.78,6.6,0.14,31,25,37,0.13,70,-1.19,15,14,15,0.12,18,91,20,15,25,-1.02,422,708.0,0.71,44,41,48,0.72,41,27,52,5370,11,9,12,-0.43,13,22,4475:1,1.02,13,23,4388:1,0.48,21,37,2716:1,0.31,4027,-1.20,4199,,4042,38,0.51,42,15,38,41,-0.35,35,37,43,658,88,0.16,9991,16459,61,55,66,-0.97,1008,23457,4.3,-0.54,35,27,43,0.62,36,41,21,77349,15941,4.9,-0.45,6538,14259,46,40,52,0.33,58,10.0,0.64,306,505,0.60,235,80,70,90,-0.41,12.1,1.63,No,-0.28,17,15,19,14,3,1,0.68,86,84,88,0.18,77,,83,20446,35,31,39,-0.27,41,40,42,5098,14,12,17,302,2,1,3,13,10,17,11760,20
01115,Alabama,St. Clair,9682,8925,10439,-0.61,8769,,10040,18,18,19,-1.18,3.9,3.7,4.1,-1.88,4.1,3.9,4.3,-1.98,,9,8,10,-0.79,16,10,8,20,19,20,-0.58,36,31,40,-0.47,8.4,-1.15,30,25,34,-0.31,48,-0.08,16,15,16,0.68,20,84,24,18,30,-0.66,218,251.5,-1.11,33,31,36,-0.54,29,31,34,6805,9,8,11,-1.31,15,17,5868:1,1.25,24,27,3675:1,0.21,13,15,6785:1,0.66,6162,0.22,6824,,6129,40,0.10,44,,39,39,-0.01,33,26,40,897,88,0.11,12159,22745,53,49,58,-0.19,1546,38946,4.0,-0.77,18,13,22,-1.24,15,18,17,95869,23025,4.2,-1.26,5867,20001,29,25,34,-0.86,74,8.4,1.12,261,299,-0.49,397,91,82,100,0.26,12.0,1.47,No,-0.28,12,10,13,10,1,0,-0.82,86,85,88,0.34,85,,83,32792,53,49,57,1.76,37,36,38,6333,12,10,14,520,2,2,3,12,10,15,10300,12
01117,Alabama,Shelby,6354,5952,6757,-2.27,7090,3375,6481,15,14,15,-2.04,3.7,3.5,3.8,-2.31,3.9,3.7,4.0,-2.81,,7,7,8,-1.57,11,6,7,17,16,18,-2.15,33,29,37,-1.18,8.6,-1.29,22,20,25,-2.59,87,-2.03,19,18,19,2.38,21,105,20,15,25,-1.00,450,217.8,-1.24,16,15,17,-2.53,15,51,13,13311,7,7,8,-2.61,180,85,1170:1,-1.67,110,51,1942:1,-1.25,150,70,1424:1,-0.22,3910,-1.28,6006,,3737,44,-0.72,47,29,44,43,-0.70,32,29,44,2094,94,-0.99,42350,56346,75,72,78,-2.53,3527,109331,3.2,-1.31,9,7,11,-2.16,16,38,6,133762,32285,4.1,-1.28,9820,50239,20,17,22,-1.56,234,11.1,0.29,419,264,-0.68,617,59,54,64,-1.65,12.0,1.47,No,-0.28,11,10,12,9,1,1,-1.15,86,85,87,0.25,86,72,85,88620,46,44,48,0.97,37,36,38,12311,10,8,11,1165,2,2,3,9,8,11,19830,10
01119,Alabama,Sumter,15413,12566,18260,2.26,18511,,7066,32,31,33,2.20,5.7,5.5,5.9,2.18,5.2,5.0,5.4,1.75,,12,10,14,0.68,13,,6,23,22,24,1.35,43,37,49,1.49,4.5,1.63,32,27,37,0.42,18,1.38,11,11,12,-1.61,13,32,41,32,49,0.87,123,934.2,1.61,27,22,32,-1.22,,,,1276,13,11,15,0.90,7,54,1863:1,-0.32,2,16,6344:1,0.90,2,16,6344:1,0.64,5646,-0.13,6105,,4397,55,-2.96,53,,58,29,1.71,24,,38,139,77,2.26,1474,2742,54,43,65,-0.22,328,5016,6.5,1.08,46,32,60,1.83,60,,6,58546,8091,7.2,2.36,1655,2579,64,54,75,1.66,16,12.3,-0.07,57,435,0.23,67,103,79,130,0.95,10.4,-1.11,No,-0.28,27,21,32,25,2,2,3.00,87,83,91,0.64,88,,86,3703,42,34,50,0.49,43,42,44,1193,16,13,19,92,4,2,5,20,17,24,3870,29
01121,Alabama,Talladega,12393,11504,13282,0.75,12244,,12809,24,24,25,0.35,4.8,4.7,5.0,0.26,4.8,4.6,5.0,0.29,,12,11,13,0.60,15,10,10,21,21,22,0.45,41,37,45,0.86,6.8,-0.01,33,30,37,0.86,60,-0.68,13,13,14,-0.73,33,117,28,23,33,-0.26,477,586.6,0.23,36,33,39,-0.23,31,36,41,6266,10,8,11,-1.06,25,31,3204:1,0.64,21,26,3813:1,0.27,11,14,7279:1,0.67,4924,-0.61,6202,,4670,38,0.51,41,,37,35,0.68,26,,37,877,93,-0.70,10135,20204,50,46,54,0.17,1712,34501,5.0,-0.06,28,21,34,-0.17,41,49,19,79882,16786,4.8,-0.56,7572,17137,44,39,49,0.21,96,12.0,0.02,378,469,0.41,402,100,90,109,0.77,11.5,0.66,No,-0.28,16,14,17,13,2,1,0.27,84,82,86,-0.61,84,,86,25241,33,30,36,-0.45,42,41,43,5923,13,11,15,384,2,1,3,16,14,19,14960,19
01123,Alabama,Tallapoosa,10204,9017,11392,-0.34,12801,,9107,24,23,24,0.17,4.9,4.7,5.1,0.39,5.1,4.9,5.3,1.16,,15,13,16,1.93,22,,11,21,20,22,0.16,35,30,39,-0.76,7.1,-0.22,31,26,35,0.01,71,-1.22,14,14,15,-0.01,11,41,27,19,35,-0.38,217,527.1,-0.01,46,42,51,0.96,51,,45,3417,11,9,12,-0.49,17,42,2396:1,0.19,11,27,3698:1,0.22,10,25,4068:1,0.50,4658,-0.78,6517,,4241,36,0.92,32,,38,44,-0.87,33,47,47,465,90,-0.17,4353,8752,50,44,56,0.21,760,18279,4.2,-0.64,28,21,35,-0.12,68,47,18,83670,15496,5.4,0.20,3892,8642,45,38,52,0.28,61,15.0,-0.91,258,639,1.31,169,83,70,95,-0.25,11.4,0.50,No,-0.28,17,15,20,13,4,2,0.75,85,82,88,-0.18,86,,84,12852,36,31,40,-0.17,41,40,42,3207,14,12,16,232,3,2,3,16,13,19,7350,18
01125,Alabama,Tuscaloosa,8855,8383,9327,-1.02,10960,5261,8009,21,20,21,-0.52,4.5,4.3,4.6,-0.58,4.7,4.5,4.8,-0.05,,11,11,11,0.20,16,8,8,20,20,21,-0.32,34,32,37,-0.87,7.0,-0.15,27,24,29,-1.20,71,-1.24,19,18,19,2.41,58,193,30,26,34,-0.09,1244,615.2,0.34,22,21,24,-1.77,35,71,14,15705,9,8,10,-1.45,150,73,1374:1,-1.13,100,48,2078:1,-1.04,255,123,815:1,-1.05,6078,0.16,8192,3540,5507,48,-1.53,49,27,48,46,-1.21,36,48,50,2013,89,0.09,35103,54040,65,62,68,-1.43,4110,99237,4.1,-0.65,20,15,24,-1.02,39,30,9,98944,20392,4.9,-0.45,16349,42551,38,35,42,-0.20,237,11.5,0.17,819,402,0.05,618,61,56,65,-1.57,11.3,0.34,No,-0.28,18,17,19,16,2,1,0.92,86,84,87,0.02,85,81,87,76817,25,23,26,-1.44,38,37,39,14866,12,10,13,979,2,2,3,13,11,14,35400,18
01127,Alabama,Walker,15488,14377,16598,2.30,16851,,15713,22,21,22,-0.33,4.7,4.5,4.9,-0.04,4.9,4.7,5.1,0.63,,10,10,11,-0.12,21,4,10,20,19,21,-0.49,38,34,42,0.16,7.4,-0.43,33,29,37,0.89,46,0.00,14,13,14,-0.37,21,94,22,17,28,-0.79,276,421.6,-0.43,48,45,52,1.17,29,70,50,5959,11,10,13,0.00,30,46,2166:1,0.00,27,42,2373:1,-0.69,30,47,2135:1,0.15,4301,-1.02,7508,15000,4201,45,-0.92,35,,45,42,-0.52,34,,42,809,90,-0.26,7768,15311,51,46,55,0.11,1262,25145,5.0,-0.02,23,16,29,-0.69,61,58,26,80514,15892,5.1,-0.20,5238,14349,37,32,41,-0.34,93,14.3,-0.71,292,450,0.31,392,120,108,132,2.01,11.6,0.82,No,-0.28,12,10,13,10,2,1,-0.86,86,84,88,0.10,81,,85,20475,39,36,42,0.18,39,38,41,5609,15,13,17,387,3,2,3,15,12,17,10320,16
01129,Alabama,Washington,13128,10949,15306,1.12,14021,,12015,23,22,23,-0.05,4.7,4.5,4.9,-0.07,4.8,4.7,5.0,0.40,,11,10,13,0.38,14,,10,21,20,21,0.05,40,34,47,0.78,7.2,-0.29,32,26,38,0.32,18,1.38,15,14,15,0.10,8,21,38,27,49,0.64,81,481.2,-0.19,33,27,38,-0.62,48,,26,1783,13,11,15,1.01,2,12,8378:1,1.47,2,12,8266:1,1.12,3,18,5510:1,0.60,4939,-0.60,5784,,4856,37,0.71,45,,34,25,2.40,23,,26,232,93,-0.70,1929,3650,53,44,62,-0.12,455,6656,6.8,1.29,28,21,36,-0.10,22,,45,80858,17053,4.7,-0.58,1490,3792,39,30,49,-0.14,29,17.3,-1.63,41,243,-0.79,102,122,98,145,2.10,10.1,-1.60,No,-0.28,9,7,12,7,1,2,-1.47,83,79,88,-0.78,92,,78,4670,49,40,58,1.30,39,38,40,1638,17,14,19,161,4,3,5,17,14,21,3000,18
01131,Alabama,Wilcox,12067,9781,14353,0.59,14474,,6699,30,29,31,1.81,5.7,5.5,5.9,2.09,5.2,5.0,5.4,1.58,,14,12,16,1.59,16,,6,24,23,25,2.06,44,39,51,1.83,2.1,3.00,35,29,41,1.36,10,1.80,11,11,11,-1.89,14,29,48,39,56,1.56,106,955.1,1.69,40,33,48,0.27,44,,26,919,11,9,12,-0.61,4,36,2747:1,0.42,1,9,10719:1,1.29,1,9,10719:1,0.74,4364,-0.98,4625,,3526,36,0.92,35,,39,24,2.57,19,,31,143,83,1.09,834,2430,34,27,42,1.88,320,2808,11.4,3.00,47,32,62,1.93,49,,9,55821,9368,6.0,0.85,1625,2637,62,51,73,1.47,10,9.1,0.91,72,645,1.34,62,112,86,144,1.54,10.4,-1.11,Yes,3.00,16,12,19,16,1,1,0.34,89,84,94,1.15,80,,85,2565,39,29,49,0.16,43,42,44,844,14,12,16,83,3,2,4,20,16,24,3590,32
01133,Alabama,Winston,10380,8834,11927,-0.26,,,,22,21,23,-0.29,4.9,4.7,5.2,0.51,4.9,4.7,5.2,0.79,,10,9,12,-0.18,,,,23,22,24,1.22,38,32,44,0.21,7.9,-0.79,34,28,40,0.98,76,-1.50,15,14,16,0.15,7,33,21,12,31,-0.89,64,265.0,-1.05,45,39,51,0.80,,,,2403,13,11,15,0.90,12,50,1984:1,-0.18,4,17,5931:1,0.83,1,4,23722:1,0.82,12415,4.36,,26667,12350,40,0.10,,,,41,-0.35,,,,308,93,-0.73,2879,5354,54,47,61,-0.22,482,9646,5.0,-0.03,30,23,37,0.11,,39,29,71503,16343,4.4,-1.01,1567,4895,32,24,40,-0.66,28,11.8,0.09,24,107,-1.51,109,91,74,108,0.26,11.0,-0.15,No,-0.28,11,8,14,9,1,0,-1.02,83,80,86,-1.01,,,,6997,40,34,46,0.31,36,35,38,2260,16,14,19,155,3,2,4,17,13,21,3420,14
